MH_get_Q_head128,128,64,1024
MH_get_K_head128,128,64,1024
MH_get_V_head128,128,64,1024
MH_QxKT_head128,128,128,64
MH_QxKTxV_head128,128,64,128
MH_get_Q_head1,128,64,1024
MH_get_K_head1,128,64,1024
MH_get_V_head1,128,64,1024
MH_QxKT_head1,128,128,64
MH_QxKTxV_head1,128,64,128
MH_get_Q_head2,128,64,1024
MH_get_K_head2,128,64,1024
MH_get_V_head2,128,64,1024
MH_QxKT_head2,128,128,64
MH_QxKTxV_head2,128,64,128
MH_get_Q_head3,128,64,1024
MH_get_K_head3,128,64,1024
MH_get_V_head3,128,64,1024
MH_QxKT_head3,128,128,64
MH_QxKTxV_head3,128,64,128
MH_get_Q_head4,128,64,1024
MH_get_K_head4,128,64,1024
MH_get_V_head4,128,64,1024
MH_QxKT_head4,128,128,64
MH_QxKTxV_head4,128,64,128
MH_get_Q_head5,128,64,1024
MH_get_K_head5,128,64,1024
MH_get_V_head5,128,64,1024
MH_QxKT_head5,128,128,64
MH_QxKTxV_head5,128,64,128
MH_get_Q_head6,128,64,1024
MH_get_K_head6,128,64,1024
MH_get_V_head6,128,64,1024
MH_QxKT_head6,128,128,64
MH_QxKTxV_head6,128,64,128
MH_get_Q_head7,128,64,1024
MH_get_K_head7,128,64,1024
MH_get_V_head7,128,64,1024
MH_QxKT_head7,128,128,64
MH_QxKTxV_head7,128,64,128
MH_get_Q_head8,128,64,1024
MH_get_K_head8,128,64,1024
MH_get_V_head8,128,64,1024
MH_QxKT_head8,128,128,64
MH_QxKTxV_head8,128,64,128
MH_get_Q_head9,128,64,1024
MH_get_K_head9,128,64,1024
MH_get_V_head9,128,64,1024
MH_QxKT_head9,128,128,64
MH_QxKTxV_head9,128,64,128
MH_get_Q_head1128,128,64,1024
MH_get_K_head1128,128,64,1024
MH_get_V_head1128,128,64,1024
MH_QxKT_head1128,128,128,64
MH_QxKTxV_head1128,128,64,128
MH_get_Q_head11,128,64,1024
MH_get_K_head11,128,64,1024
MH_get_V_head11,128,64,1024
MH_QxKT_head11,128,128,64
MH_QxKTxV_head11,128,64,128
MH_get_Q_head12,128,64,1024
MH_get_K_head12,128,64,1024
MH_get_V_head12,128,64,1024
MH_QxKT_head12,128,128,64
MH_QxKTxV_head12,128,64,128
MH_get_Q_head13,128,64,1024
MH_get_K_head13,128,64,1024
MH_get_V_head13,128,64,1024
MH_QxKT_head13,128,128,64
MH_QxKTxV_head13,128,64,128
MH_get_Q_head14,128,64,1024
MH_get_K_head14,128,64,1024
MH_get_V_head14,128,64,1024
MH_QxKT_head14,128,128,64
MH_QxKTxV_head14,128,64,128
MH_get_Q_head15,128,64,1024
MH_get_K_head15,128,64,1024
MH_get_V_head15,128,64,1024
MH_QxKT_head15,128,128,64
MH_QxKTxV_head15,128,64,128
MH_Concat_Linear,128,1024,1024
FF1,128,4096,1024
FF2,128,1024,4096
