Masked_MH_get_Q_head512,512,128,12288
Masked_MH_get_K_head512,512,128,12288
Masked_MH_get_V_head512,512,128,12288
Masked_MH_QxKT_head512,512,512,128
Masked_MH_QxKTxV_head512,512,128,512
Masked_MH_get_Q_head1,512,128,12288
Masked_MH_get_K_head1,512,128,12288
Masked_MH_get_V_head1,512,128,12288
Masked_MH_QxKT_head1,512,512,128
Masked_MH_QxKTxV_head1,512,128,512
Masked_MH_get_Q_head2,512,128,12288
Masked_MH_get_K_head2,512,128,12288
Masked_MH_get_V_head2,512,128,12288
Masked_MH_QxKT_head2,512,512,128
Masked_MH_QxKTxV_head2,512,128,512
Masked_MH_get_Q_head3,512,128,12288
Masked_MH_get_K_head3,512,128,12288
Masked_MH_get_V_head3,512,128,12288
Masked_MH_QxKT_head3,512,512,128
Masked_MH_QxKTxV_head3,512,128,512
Masked_MH_get_Q_head4,512,128,12288
Masked_MH_get_K_head4,512,128,12288
Masked_MH_get_V_head4,512,128,12288
Masked_MH_QxKT_head4,512,512,128
Masked_MH_QxKTxV_head4,512,128,512
Masked_MH_get_Q_head5,512,128,12288
Masked_MH_get_K_head5,512,128,12288
Masked_MH_get_V_head5,512,128,12288
Masked_MH_QxKT_head5,512,512,128
Masked_MH_QxKTxV_head5,512,128,512
Masked_MH_get_Q_head6,512,128,12288
Masked_MH_get_K_head6,512,128,12288
Masked_MH_get_V_head6,512,128,12288
Masked_MH_QxKT_head6,512,512,128
Masked_MH_QxKTxV_head6,512,128,512
Masked_MH_get_Q_head7,512,128,12288
Masked_MH_get_K_head7,512,128,12288
Masked_MH_get_V_head7,512,128,12288
Masked_MH_QxKT_head7,512,512,128
Masked_MH_QxKTxV_head7,512,128,512
Masked_MH_get_Q_head8,512,128,12288
Masked_MH_get_K_head8,512,128,12288
Masked_MH_get_V_head8,512,128,12288
Masked_MH_QxKT_head8,512,512,128
Masked_MH_QxKTxV_head8,512,128,512
Masked_MH_get_Q_head9,512,128,12288
Masked_MH_get_K_head9,512,128,12288
Masked_MH_get_V_head9,512,128,12288
Masked_MH_QxKT_head9,512,512,128
Masked_MH_QxKTxV_head9,512,128,512
Masked_MH_get_Q_head1512,512,128,12288
Masked_MH_get_K_head1512,512,128,12288
Masked_MH_get_V_head1512,512,128,12288
Masked_MH_QxKT_head1512,512,512,128
Masked_MH_QxKTxV_head1512,512,128,512
Masked_MH_get_Q_head11,512,128,12288
Masked_MH_get_K_head11,512,128,12288
Masked_MH_get_V_head11,512,128,12288
Masked_MH_QxKT_head11,512,512,128
Masked_MH_QxKTxV_head11,512,128,512
Masked_MH_get_Q_head12,512,128,12288
Masked_MH_get_K_head12,512,128,12288
Masked_MH_get_V_head12,512,128,12288
Masked_MH_QxKT_head12,512,512,128
Masked_MH_QxKTxV_head12,512,128,512
Masked_MH_get_Q_head13,512,128,12288
Masked_MH_get_K_head13,512,128,12288
Masked_MH_get_V_head13,512,128,12288
Masked_MH_QxKT_head13,512,512,128
Masked_MH_QxKTxV_head13,512,128,512
Masked_MH_get_Q_head14,512,128,12288
Masked_MH_get_K_head14,512,128,12288
Masked_MH_get_V_head14,512,128,12288
Masked_MH_QxKT_head14,512,512,128
Masked_MH_QxKTxV_head14,512,128,512
Masked_MH_get_Q_head15,512,128,12288
Masked_MH_get_K_head15,512,128,12288
Masked_MH_get_V_head15,512,128,12288
Masked_MH_QxKT_head15,512,512,128
Masked_MH_QxKTxV_head15,512,128,512
Masked_MH_get_Q_head16,512,128,12288
Masked_MH_get_K_head16,512,128,12288
Masked_MH_get_V_head16,512,128,12288
Masked_MH_QxKT_head16,512,512,128
Masked_MH_QxKTxV_head16,512,128,512
Masked_MH_get_Q_head17,512,128,12288
Masked_MH_get_K_head17,512,128,12288
Masked_MH_get_V_head17,512,128,12288
Masked_MH_QxKT_head17,512,512,128
Masked_MH_QxKTxV_head17,512,128,512
Masked_MH_get_Q_head18,512,128,12288
Masked_MH_get_K_head18,512,128,12288
Masked_MH_get_V_head18,512,128,12288
Masked_MH_QxKT_head18,512,512,128
Masked_MH_QxKTxV_head18,512,128,512
Masked_MH_get_Q_head19,512,128,12288
Masked_MH_get_K_head19,512,128,12288
Masked_MH_get_V_head19,512,128,12288
Masked_MH_QxKT_head19,512,512,128
Masked_MH_QxKTxV_head19,512,128,512
Masked_MH_get_Q_head2512,512,128,12288
Masked_MH_get_K_head2512,512,128,12288
Masked_MH_get_V_head2512,512,128,12288
Masked_MH_QxKT_head2512,512,512,128
Masked_MH_QxKTxV_head2512,512,128,512
Masked_MH_get_Q_head21,512,128,12288
Masked_MH_get_K_head21,512,128,12288
Masked_MH_get_V_head21,512,128,12288
Masked_MH_QxKT_head21,512,512,128
Masked_MH_QxKTxV_head21,512,128,512
Masked_MH_get_Q_head22,512,128,12288
Masked_MH_get_K_head22,512,128,12288
Masked_MH_get_V_head22,512,128,12288
Masked_MH_QxKT_head22,512,512,128
Masked_MH_QxKTxV_head22,512,128,512
Masked_MH_get_Q_head23,512,128,12288
Masked_MH_get_K_head23,512,128,12288
Masked_MH_get_V_head23,512,128,12288
Masked_MH_QxKT_head23,512,512,128
Masked_MH_QxKTxV_head23,512,128,512
Masked_MH_get_Q_head24,512,128,12288
Masked_MH_get_K_head24,512,128,12288
Masked_MH_get_V_head24,512,128,12288
Masked_MH_QxKT_head24,512,512,128
Masked_MH_QxKTxV_head24,512,128,512
Masked_MH_get_Q_head25,512,128,12288
Masked_MH_get_K_head25,512,128,12288
Masked_MH_get_V_head25,512,128,12288
Masked_MH_QxKT_head25,512,512,128
Masked_MH_QxKTxV_head25,512,128,512
Masked_MH_get_Q_head26,512,128,12288
Masked_MH_get_K_head26,512,128,12288
Masked_MH_get_V_head26,512,128,12288
Masked_MH_QxKT_head26,512,512,128
Masked_MH_QxKTxV_head26,512,128,512
Masked_MH_get_Q_head27,512,128,12288
Masked_MH_get_K_head27,512,128,12288
Masked_MH_get_V_head27,512,128,12288
Masked_MH_QxKT_head27,512,512,128
Masked_MH_QxKTxV_head27,512,128,512
Masked_MH_get_Q_head28,512,128,12288
Masked_MH_get_K_head28,512,128,12288
Masked_MH_get_V_head28,512,128,12288
Masked_MH_QxKT_head28,512,512,128
Masked_MH_QxKTxV_head28,512,128,512
Masked_MH_get_Q_head29,512,128,12288
Masked_MH_get_K_head29,512,128,12288
Masked_MH_get_V_head29,512,128,12288
Masked_MH_QxKT_head29,512,512,128
Masked_MH_QxKTxV_head29,512,128,512
Masked_MH_get_Q_head3512,512,128,12288
Masked_MH_get_K_head3512,512,128,12288
Masked_MH_get_V_head3512,512,128,12288
Masked_MH_QxKT_head3512,512,512,128
Masked_MH_QxKTxV_head3512,512,128,512
Masked_MH_get_Q_head31,512,128,12288
Masked_MH_get_K_head31,512,128,12288
Masked_MH_get_V_head31,512,128,12288
Masked_MH_QxKT_head31,512,512,128
Masked_MH_QxKTxV_head31,512,128,512
Masked_MH_get_Q_head32,512,128,12288
Masked_MH_get_K_head32,512,128,12288
Masked_MH_get_V_head32,512,128,12288
Masked_MH_QxKT_head32,512,512,128
Masked_MH_QxKTxV_head32,512,128,512
Masked_MH_get_Q_head33,512,128,12288
Masked_MH_get_K_head33,512,128,12288
Masked_MH_get_V_head33,512,128,12288
Masked_MH_QxKT_head33,512,512,128
Masked_MH_QxKTxV_head33,512,128,512
Masked_MH_get_Q_head34,512,128,12288
Masked_MH_get_K_head34,512,128,12288
Masked_MH_get_V_head34,512,128,12288
Masked_MH_QxKT_head34,512,512,128
Masked_MH_QxKTxV_head34,512,128,512
Masked_MH_get_Q_head35,512,128,12288
Masked_MH_get_K_head35,512,128,12288
Masked_MH_get_V_head35,512,128,12288
Masked_MH_QxKT_head35,512,512,128
Masked_MH_QxKTxV_head35,512,128,512
Masked_MH_get_Q_head36,512,128,12288
Masked_MH_get_K_head36,512,128,12288
Masked_MH_get_V_head36,512,128,12288
Masked_MH_QxKT_head36,512,512,128
Masked_MH_QxKTxV_head36,512,128,512
Masked_MH_get_Q_head37,512,128,12288
Masked_MH_get_K_head37,512,128,12288
Masked_MH_get_V_head37,512,128,12288
Masked_MH_QxKT_head37,512,512,128
Masked_MH_QxKTxV_head37,512,128,512
Masked_MH_get_Q_head38,512,128,12288
Masked_MH_get_K_head38,512,128,12288
Masked_MH_get_V_head38,512,128,12288
Masked_MH_QxKT_head38,512,512,128
Masked_MH_QxKTxV_head38,512,128,512
Masked_MH_get_Q_head39,512,128,12288
Masked_MH_get_K_head39,512,128,12288
Masked_MH_get_V_head39,512,128,12288
Masked_MH_QxKT_head39,512,512,128
Masked_MH_QxKTxV_head39,512,128,512
Masked_MH_get_Q_head4512,512,128,12288
Masked_MH_get_K_head4512,512,128,12288
Masked_MH_get_V_head4512,512,128,12288
Masked_MH_QxKT_head4512,512,512,128
Masked_MH_QxKTxV_head4512,512,128,512
Masked_MH_get_Q_head41,512,128,12288
Masked_MH_get_K_head41,512,128,12288
Masked_MH_get_V_head41,512,128,12288
Masked_MH_QxKT_head41,512,512,128
Masked_MH_QxKTxV_head41,512,128,512
Masked_MH_get_Q_head42,512,128,12288
Masked_MH_get_K_head42,512,128,12288
Masked_MH_get_V_head42,512,128,12288
Masked_MH_QxKT_head42,512,512,128
Masked_MH_QxKTxV_head42,512,128,512
Masked_MH_get_Q_head43,512,128,12288
Masked_MH_get_K_head43,512,128,12288
Masked_MH_get_V_head43,512,128,12288
Masked_MH_QxKT_head43,512,512,128
Masked_MH_QxKTxV_head43,512,128,512
Masked_MH_get_Q_head44,512,128,12288
Masked_MH_get_K_head44,512,128,12288
Masked_MH_get_V_head44,512,128,12288
Masked_MH_QxKT_head44,512,512,128
Masked_MH_QxKTxV_head44,512,128,512
Masked_MH_get_Q_head45,512,128,12288
Masked_MH_get_K_head45,512,128,12288
Masked_MH_get_V_head45,512,128,12288
Masked_MH_QxKT_head45,512,512,128
Masked_MH_QxKTxV_head45,512,128,512
Masked_MH_get_Q_head46,512,128,12288
Masked_MH_get_K_head46,512,128,12288
Masked_MH_get_V_head46,512,128,12288
Masked_MH_QxKT_head46,512,512,128
Masked_MH_QxKTxV_head46,512,128,512
Masked_MH_get_Q_head47,512,128,12288
Masked_MH_get_K_head47,512,128,12288
Masked_MH_get_V_head47,512,128,12288
Masked_MH_QxKT_head47,512,512,128
Masked_MH_QxKTxV_head47,512,128,512
Masked_MH_get_Q_head48,512,128,12288
Masked_MH_get_K_head48,512,128,12288
Masked_MH_get_V_head48,512,128,12288
Masked_MH_QxKT_head48,512,512,128
Masked_MH_QxKTxV_head48,512,128,512
Masked_MH_get_Q_head49,512,128,12288
Masked_MH_get_K_head49,512,128,12288
Masked_MH_get_V_head49,512,128,12288
Masked_MH_QxKT_head49,512,512,128
Masked_MH_QxKTxV_head49,512,128,512
Masked_MH_get_Q_head5512,512,128,12288
Masked_MH_get_K_head5512,512,128,12288
Masked_MH_get_V_head5512,512,128,12288
Masked_MH_QxKT_head5512,512,512,128
Masked_MH_QxKTxV_head5512,512,128,512
Masked_MH_get_Q_head51,512,128,12288
Masked_MH_get_K_head51,512,128,12288
Masked_MH_get_V_head51,512,128,12288
Masked_MH_QxKT_head51,512,512,128
Masked_MH_QxKTxV_head51,512,128,512
Masked_MH_get_Q_head52,512,128,12288
Masked_MH_get_K_head52,512,128,12288
Masked_MH_get_V_head52,512,128,12288
Masked_MH_QxKT_head52,512,512,128
Masked_MH_QxKTxV_head52,512,128,512
Masked_MH_get_Q_head53,512,128,12288
Masked_MH_get_K_head53,512,128,12288
Masked_MH_get_V_head53,512,128,12288
Masked_MH_QxKT_head53,512,512,128
Masked_MH_QxKTxV_head53,512,128,512
Masked_MH_get_Q_head54,512,128,12288
Masked_MH_get_K_head54,512,128,12288
Masked_MH_get_V_head54,512,128,12288
Masked_MH_QxKT_head54,512,512,128
Masked_MH_QxKTxV_head54,512,128,512
Masked_MH_get_Q_head55,512,128,12288
Masked_MH_get_K_head55,512,128,12288
Masked_MH_get_V_head55,512,128,12288
Masked_MH_QxKT_head55,512,512,128
Masked_MH_QxKTxV_head55,512,128,512
Masked_MH_get_Q_head56,512,128,12288
Masked_MH_get_K_head56,512,128,12288
Masked_MH_get_V_head56,512,128,12288
Masked_MH_QxKT_head56,512,512,128
Masked_MH_QxKTxV_head56,512,128,512
Masked_MH_get_Q_head57,512,128,12288
Masked_MH_get_K_head57,512,128,12288
Masked_MH_get_V_head57,512,128,12288
Masked_MH_QxKT_head57,512,512,128
Masked_MH_QxKTxV_head57,512,128,512
Masked_MH_get_Q_head58,512,128,12288
Masked_MH_get_K_head58,512,128,12288
Masked_MH_get_V_head58,512,128,12288
Masked_MH_QxKT_head58,512,512,128
Masked_MH_QxKTxV_head58,512,128,512
Masked_MH_get_Q_head59,512,128,12288
Masked_MH_get_K_head59,512,128,12288
Masked_MH_get_V_head59,512,128,12288
Masked_MH_QxKT_head59,512,512,128
Masked_MH_QxKTxV_head59,512,128,512
Masked_MH_get_Q_head6512,512,128,12288
Masked_MH_get_K_head6512,512,128,12288
Masked_MH_get_V_head6512,512,128,12288
Masked_MH_QxKT_head6512,512,512,128
Masked_MH_QxKTxV_head6512,512,128,512
Masked_MH_get_Q_head61,512,128,12288
Masked_MH_get_K_head61,512,128,12288
Masked_MH_get_V_head61,512,128,12288
Masked_MH_QxKT_head61,512,512,128
Masked_MH_QxKTxV_head61,512,128,512
Masked_MH_get_Q_head62,512,128,12288
Masked_MH_get_K_head62,512,128,12288
Masked_MH_get_V_head62,512,128,12288
Masked_MH_QxKT_head62,512,512,128
Masked_MH_QxKTxV_head62,512,128,512
Masked_MH_get_Q_head63,512,128,12288
Masked_MH_get_K_head63,512,128,12288
Masked_MH_get_V_head63,512,128,12288
Masked_MH_QxKT_head63,512,512,128
Masked_MH_QxKTxV_head63,512,128,512
Masked_MH_get_Q_head64,512,128,12288
Masked_MH_get_K_head64,512,128,12288
Masked_MH_get_V_head64,512,128,12288
Masked_MH_QxKT_head64,512,512,128
Masked_MH_QxKTxV_head64,512,128,512
Masked_MH_get_Q_head65,512,128,12288
Masked_MH_get_K_head65,512,128,12288
Masked_MH_get_V_head65,512,128,12288
Masked_MH_QxKT_head65,512,512,128
Masked_MH_QxKTxV_head65,512,128,512
Masked_MH_get_Q_head66,512,128,12288
Masked_MH_get_K_head66,512,128,12288
Masked_MH_get_V_head66,512,128,12288
Masked_MH_QxKT_head66,512,512,128
Masked_MH_QxKTxV_head66,512,128,512
Masked_MH_get_Q_head67,512,128,12288
Masked_MH_get_K_head67,512,128,12288
Masked_MH_get_V_head67,512,128,12288
Masked_MH_QxKT_head67,512,512,128
Masked_MH_QxKTxV_head67,512,128,512
Masked_MH_get_Q_head68,512,128,12288
Masked_MH_get_K_head68,512,128,12288
Masked_MH_get_V_head68,512,128,12288
Masked_MH_QxKT_head68,512,512,128
Masked_MH_QxKTxV_head68,512,128,512
Masked_MH_get_Q_head69,512,128,12288
Masked_MH_get_K_head69,512,128,12288
Masked_MH_get_V_head69,512,128,12288
Masked_MH_QxKT_head69,512,512,128
Masked_MH_QxKTxV_head69,512,128,512
Masked_MH_get_Q_head7512,512,128,12288
Masked_MH_get_K_head7512,512,128,12288
Masked_MH_get_V_head7512,512,128,12288
Masked_MH_QxKT_head7512,512,512,128
Masked_MH_QxKTxV_head7512,512,128,512
Masked_MH_get_Q_head71,512,128,12288
Masked_MH_get_K_head71,512,128,12288
Masked_MH_get_V_head71,512,128,12288
Masked_MH_QxKT_head71,512,512,128
Masked_MH_QxKTxV_head71,512,128,512
Masked_MH_get_Q_head72,512,128,12288
Masked_MH_get_K_head72,512,128,12288
Masked_MH_get_V_head72,512,128,12288
Masked_MH_QxKT_head72,512,512,128
Masked_MH_QxKTxV_head72,512,128,512
Masked_MH_get_Q_head73,512,128,12288
Masked_MH_get_K_head73,512,128,12288
Masked_MH_get_V_head73,512,128,12288
Masked_MH_QxKT_head73,512,512,128
Masked_MH_QxKTxV_head73,512,128,512
Masked_MH_get_Q_head74,512,128,12288
Masked_MH_get_K_head74,512,128,12288
Masked_MH_get_V_head74,512,128,12288
Masked_MH_QxKT_head74,512,512,128
Masked_MH_QxKTxV_head74,512,128,512
Masked_MH_get_Q_head75,512,128,12288
Masked_MH_get_K_head75,512,128,12288
Masked_MH_get_V_head75,512,128,12288
Masked_MH_QxKT_head75,512,512,128
Masked_MH_QxKTxV_head75,512,128,512
Masked_MH_get_Q_head76,512,128,12288
Masked_MH_get_K_head76,512,128,12288
Masked_MH_get_V_head76,512,128,12288
Masked_MH_QxKT_head76,512,512,128
Masked_MH_QxKTxV_head76,512,128,512
Masked_MH_get_Q_head77,512,128,12288
Masked_MH_get_K_head77,512,128,12288
Masked_MH_get_V_head77,512,128,12288
Masked_MH_QxKT_head77,512,512,128
Masked_MH_QxKTxV_head77,512,128,512
Masked_MH_get_Q_head78,512,128,12288
Masked_MH_get_K_head78,512,128,12288
Masked_MH_get_V_head78,512,128,12288
Masked_MH_QxKT_head78,512,512,128
Masked_MH_QxKTxV_head78,512,128,512
Masked_MH_get_Q_head79,512,128,12288
Masked_MH_get_K_head79,512,128,12288
Masked_MH_get_V_head79,512,128,12288
Masked_MH_QxKT_head79,512,512,128
Masked_MH_QxKTxV_head79,512,128,512
Masked_MH_get_Q_head8512,512,128,12288
Masked_MH_get_K_head8512,512,128,12288
Masked_MH_get_V_head8512,512,128,12288
Masked_MH_QxKT_head8512,512,512,128
Masked_MH_QxKTxV_head8512,512,128,512
Masked_MH_get_Q_head81,512,128,12288
Masked_MH_get_K_head81,512,128,12288
Masked_MH_get_V_head81,512,128,12288
Masked_MH_QxKT_head81,512,512,128
Masked_MH_QxKTxV_head81,512,128,512
Masked_MH_get_Q_head82,512,128,12288
Masked_MH_get_K_head82,512,128,12288
Masked_MH_get_V_head82,512,128,12288
Masked_MH_QxKT_head82,512,512,128
Masked_MH_QxKTxV_head82,512,128,512
Masked_MH_get_Q_head83,512,128,12288
Masked_MH_get_K_head83,512,128,12288
Masked_MH_get_V_head83,512,128,12288
Masked_MH_QxKT_head83,512,512,128
Masked_MH_QxKTxV_head83,512,128,512
Masked_MH_get_Q_head84,512,128,12288
Masked_MH_get_K_head84,512,128,12288
Masked_MH_get_V_head84,512,128,12288
Masked_MH_QxKT_head84,512,512,128
Masked_MH_QxKTxV_head84,512,128,512
Masked_MH_get_Q_head85,512,128,12288
Masked_MH_get_K_head85,512,128,12288
Masked_MH_get_V_head85,512,128,12288
Masked_MH_QxKT_head85,512,512,128
Masked_MH_QxKTxV_head85,512,128,512
Masked_MH_get_Q_head86,512,128,12288
Masked_MH_get_K_head86,512,128,12288
Masked_MH_get_V_head86,512,128,12288
Masked_MH_QxKT_head86,512,512,128
Masked_MH_QxKTxV_head86,512,128,512
Masked_MH_get_Q_head87,512,128,12288
Masked_MH_get_K_head87,512,128,12288
Masked_MH_get_V_head87,512,128,12288
Masked_MH_QxKT_head87,512,512,128
Masked_MH_QxKTxV_head87,512,128,512
Masked_MH_get_Q_head88,512,128,12288
Masked_MH_get_K_head88,512,128,12288
Masked_MH_get_V_head88,512,128,12288
Masked_MH_QxKT_head88,512,512,128
Masked_MH_QxKTxV_head88,512,128,512
Masked_MH_get_Q_head89,512,128,12288
Masked_MH_get_K_head89,512,128,12288
Masked_MH_get_V_head89,512,128,12288
Masked_MH_QxKT_head89,512,512,128
Masked_MH_QxKTxV_head89,512,128,512
Masked_MH_get_Q_head9512,512,128,12288
Masked_MH_get_K_head9512,512,128,12288
Masked_MH_get_V_head9512,512,128,12288
Masked_MH_QxKT_head9512,512,512,128
Masked_MH_QxKTxV_head9512,512,128,512
Masked_MH_get_Q_head91,512,128,12288
Masked_MH_get_K_head91,512,128,12288
Masked_MH_get_V_head91,512,128,12288
Masked_MH_QxKT_head91,512,512,128
Masked_MH_QxKTxV_head91,512,128,512
Masked_MH_get_Q_head92,512,128,12288
Masked_MH_get_K_head92,512,128,12288
Masked_MH_get_V_head92,512,128,12288
Masked_MH_QxKT_head92,512,512,128
Masked_MH_QxKTxV_head92,512,128,512
Masked_MH_get_Q_head93,512,128,12288
Masked_MH_get_K_head93,512,128,12288
Masked_MH_get_V_head93,512,128,12288
Masked_MH_QxKT_head93,512,512,128
Masked_MH_QxKTxV_head93,512,128,512
Masked_MH_get_Q_head94,512,128,12288
Masked_MH_get_K_head94,512,128,12288
Masked_MH_get_V_head94,512,128,12288
Masked_MH_QxKT_head94,512,512,128
Masked_MH_QxKTxV_head94,512,128,512
Masked_MH_get_Q_head95,512,128,12288
Masked_MH_get_K_head95,512,128,12288
Masked_MH_get_V_head95,512,128,12288
Masked_MH_QxKT_head95,512,512,128
Masked_MH_QxKTxV_head95,512,128,512
Masked_MH_Concat_Linear,512,12288,12288
FF1,512,12288,49152
FF2,512,49152,12288
